﻿<?xml version="1.0" encoding="UTF-8"?>
<prefab>
  <property name="CopyAirBlocks" value="True" />
  <property name="ExcludeDistantPOIMesh" value="False" />
  <property name="ExcludePOICulling" value="False" />
  <property name="DistantPOIYOffset" value="0" />
  <property name="AllowTopSoilDecorations" value="False" />
  <property name="Zoning" value="Commercial" />
  <property name="AllowedTownships" value="city,town,rural" />
  <property name="DifficultyTier" value="1" />
  <property name="QuestTags" value="clear, fetch, restore_power, infested, reachquest_type-f" />
  <property name="TraderArea" value="False" />
  <property name="YOffset" value="-2" />
  <property name="RotationToFaceNorth" value="2" />
  <property name="EditorGroups" value="commercial" />
  <property name="SleeperVolumeSize" value="13, 5, 15#1, 3, 5#5, 5, 5#5, 4, 5#13, 3, 21#1, 3, 5" />
  <property name="SleeperVolumeStart" value="15, 2, 12#15, 8, 21#23, 2, 28#18, 2, 28#15, 8, 12#27, 8, 27" />
  <property name="SleeperVolumeGroupId" value="1,1,1,0,0,0" />
  <property name="SleeperVolumeGroup" value="S_-Group_Generic_Zombie,0,1,S_-Group_Generic_Zombie,2,2,S_-Group_Generic_Zombie,1,1,S_-_Group_Lab_Worker,1,1,S_-Group_Generic_Zombie,2,2,S_-Group_Generic_Zombie,2,2" />
  <property name="SleeperIsLootVolume" value="False,True,False,False,False,True" />
  <property name="SleeperIsBossVolume" value="False,False,False,False,False" />
  <property name="SleeperVolumeFlags" value="2,0,2,0,0,3" />
  <property name="ShowQuestClearCount" value="1" />
  <property name="SleeperIsQuestExclude" value="False,False,False,False,False,True" />
  <property name="Tags" value="commercial" />
  <property name="PrefabSize" value="42, 11, 42" />
  <property name="SleeperVolumeTriggeredBy" value=" # # # # #1" />
  <property class="Stats">
    <property name="TotalVertices" value="500835" />
    <property name="TotalTriangles" value="187069" />
    <property class="BlockEntities">
      <property name="Vertices" value="456455" />
      <property name="Triangles" value="157038" />
    </property>
    <property class="ChunkMeshes0">
      <property name="Vertices" value="38920" />
      <property name="Triangles" value="21819" />
    </property>
    <property class="ChunkMeshes1">
      <property name="Vertices" value="0" />
      <property name="Triangles" value="0" />
    </property>
    <property class="ChunkMeshes2">
      <property name="Vertices" value="0" />
      <property name="Triangles" value="0" />
    </property>
    <property class="ChunkMeshes3">
      <property name="Vertices" value="464" />
      <property name="Triangles" value="316" />
    </property>
    <property class="ChunkMeshes4">
      <property name="Vertices" value="0" />
      <property name="Triangles" value="0" />
    </property>
    <property class="ChunkMeshes5">
      <property name="Vertices" value="0" />
      <property name="Triangles" value="0" />
    </property>
    <property class="ChunkMeshes6">
      <property name="Vertices" value="4996" />
      <property name="Triangles" value="7896" />
    </property>
  </property>
  <property class="IndexedBlockOffsets">
    <property class="FetchContainer">
      <property name="0" value="22, 4, 27" />
      <property name="1" value="23, 3, 28" />
    </property>
    <property class="POILight">
      <property name="0" value="26, 5, 25" />
      <property name="1" value="26, 4, 26" />
      <property name="2" value="25, 5, 30" />
      <property name="3" value="21, 4, 31" />
      <property name="4" value="27, 4, 31" />
    </property>
    <property class="TraderOnOff">
      <property name="0" value="26, 2, 27" />
      <property name="1" value="22, 2, 31" />
      <property name="2" value="29, 2, 31" />
      <property name="3" value="25, 2, 33" />
    </property>
    <property class="Rally">
      <property name="0" value="21, 2, 6" />
    </property>
    <property class="QuestRestorePower">
      <property name="0" value="29, 2, 29" />
    </property>
    <property class="quest_feather">
      <property name="0" value="27, 8, 32" />
    </property>
    <property class="quest_wood_trees">
      <property name="0" value="39, 2, 3" />
    </property>
  </property>
</prefab>