<configs>
	<append xpath="/items/item[contains(@name,'meleeHandZombie')]">
		<effect_group name="reachQuest_ZombieAttack_Type-F" tiered="false">
			<triggered_effect trigger="onSelfAttackedOther" action="AddBuff" target="other" buff="reachInfection_Type-F_InfectChance"/>
		</effect_group>
	</append>
	
	<append xpath="/items">
		<item name="reachQuest_Type-F_Cure">
			<property name="DescriptionKey" value="reachQuest_Type-F_Cure_desc"/>
			<property name="Tags" value="medical,medicalSkill"/>
			<property name="SellableToTrader" value="false"/>
			<property name="DegradationBreaksAfter" value="false"/>
			<property name="HoldType" value="16"/>
			<property name="Meshfile" value="@:Other/Items/Health/painkillersPrefab.prefab"/>
			<property name="DropMeshfile" value="@:Other/Items/Misc/sack_droppedPrefab.prefab"/>
			<property name="DisplayType" value="drugAntibiotics"/>
			<property name="CustomIcon" value="drugAntibiotics"/>
			<property name="CustomIconTint" value="55ff55"/>
			<property name="Material" value="Morganic"/>
			<property name="Stacknumber" value="1"/>
			<property name="DisplayType" value="cureInfection"/>
			<property name="TintColor" value="55,255,55"/>
			<property name="Group" value="Science,CFChemicals,Medical,TCMedical"/>

			<property class="Action0">
				<property name="Class" value="Eat"/>
				<property name="Delay" value="1.0"/>
				<property name="Sound_start" value="player_painkillers"/>
			</property>
			<effect_group tiered="false">
				<display_value name="dCureInfection" value=".1"/>
				<triggered_effect trigger="onSelfPrimaryActionEnd" action="RemoveBuff" buff="reachInfection_Type-F"/>
				<triggered_effect trigger="onSelfPrimaryActionEnd" action="ShowToolbeltMessage" message_key="reachQuest_InfectionType-F_Cured"/>
			</effect_group>
		</item>
	</append>
</configs>