<configs>
	<append xpath="/quests">
		<quest id="reachQuest_InfectionType-F">
			<property name="name_key" value="reachQuest_InfectionType-F_name" param1="name" />
			<property name="subtitle_key" value="reachQuest_InfectionType-F_sub"/>
			<property name="description_key" value="reachQuest_InfectionType-F_desc"/>
			<property name="icon" value="ui_game_symbol_quest"/>
			<property name="repeatable" value="true"/>
			<property name="category_key" value="challenge"/>
			<property name="difficulty" value="medium"/>
			<property name="difficulty_tier" value="1" param1="difficulty" />
			<property name="completiontype" value="AutoComplete"/>
			<property name="login_rally_reset" value="true"/>
			<property name="shareable" value="false"/>
			<property name="add_to_tier_complete" value="false"/>
			<property name="quest_type" value="reachQuest"/>			
			
			<objective type="ClosestPOIGoto">
				<property name="distance" value="10000"/>
				<property name="phase" value="1"/>
				<property name="nav_object" value="quest" />
			</objective>

			<objective type="RallyPoint">
				<property name="phase" value="2"/>
				<property name="nav_object" value="rally" />
			</objective>

			<objective type="FetchFromContainer">
				<property name="phase" value="3"/>
				<property name="quest_item_ID" value="3"/>
				<property name="item_count" value="1"/>
				<property name="default_container" value="reachQuest_Satchel"/>
				<property name="nav_object" value="fetch_container" />
			</objective>

			<objective type="POIStayWithin">
				<property name="phase" value="3"/>
				<property name="radius" value="25"/>
			</objective>
			
			<reward type="Exp" value="500"/>
			<reward type="Item" id="reachQuest_Type-F_Cure" ischosen="false" isfixed="true" value="1"/>
		</quest>
		
		<!-- +++++++++++++++++++++++++++++++++ -->
		
		<!-- <quest id="reachQuest_">
			
		</quest> -->
		
		<!-- +++++++++++++++++++++++++++++++++ -->
		
		<quest_list id="reachQuests">
			<quest id="reachQuest_InfectionType-F" />
		</quest_list>
	</append>
	
	<!-- +++++++++++++++++++++++++++++++++ -->
	
	<append xpath="/quests/quest_items">
		<quest_item id="3" name="Type-F Cure" item_template="reachQuest_Type-F_Cure" description_key="reachQuest_Type-F_Cure" icon="drugAntibiotics" icon_color="55,255,55"/>
	</append>
</configs>