<configs>
	<append xpath="/materials">
		<material id="MtreeWoodInfinity">
			<property name="damage_category" value="wood"/>
			<property name="surface_category" value="wood"/>
			<property name="Hardness" type="float" value="99999999"/>
			<property name="stepsound" value="wood"/>
			<property name="stability_glue" value="40"/>
			<property name="Mass" type="int" value="5"/>
			<property name="MaxDamage" value="99999999"/>
			<property name="Experience" value="1"/>
		</material>
	</append>
</configs>