﻿<?xml version="1.0" encoding="UTF-8"?>
<xml>
  <ModInfo>
    <Name value="NoBlockPhysics" />
    <Description value="No Block Physics Mod" />
    <Author value="Blu Malice" />
    <Version value="1.0.0.0" />
    <Website value="" />
  </ModInfo>
</xml>
<?xml version="1.0" encoding="UTF-8" ?>
<xml>
    <Name value="No_Block_Physics" /> <!-- (Required) Internal name, like an ID, of the mod. Should be globally unique, like an author prefix + name. Only allowed chars: Numbers, latin letters, underscores, dash -->
    <DisplayName value="No Block Physics" /> <!-- (Required) Name used for display purposes, like shown in the mods UI at some point. Could be the same as you would later on use on workshop or wherever mods get distributed -->
    <Version value="1.1.0.0" /> <!-- (Required) SemVer version of the mod. Has to be in the format major.minor[.build[.revision]] (i.e. build and revision can be left out, recommend using them though as typically done with Semantic Versioning -->
    <Description value="Stops blocks from falling! Build to your heart's content, bringing Minecraft rules to 7 Days To Die!" /> <!-- (Optional) More text to show on UIs -->
    <Author value="Blu Malice" /> <!-- (Optional) Name(s) of the author(s) -->
    <Website value="https://github.com/BLUDRAG/ReachGamingModsVault" /> <!-- (Optional) URL of a website of the mod -->
</xml>